layer_name,style,name
dhm_havvandpaaland,default,DHM/Havvand på Land (default)
dhm_havvandpaaland,havvandpaaland_0,DHM/Havvand på Land (DHM/Havvand på Land 0 m)
dhm_havvandpaaland,havvandpaaland_0_1,"DHM/Havvand på Land (DHM/Havvand på Land 0,1 m)"
dhm_havvandpaaland,havvandpaaland_0_2,"DHM/Havvand på Land (DHM/Havvand på Land 0,2 m)"
dhm_havvandpaaland,havvandpaaland_0_3,"DHM/Havvand på Land (DHM/Havvand på Land 0,3 m)"
dhm_havvandpaaland,havvandpaaland_0_4,"DHM/Havvand på Land (DHM/Havvand på Land 0,4 m)"
dhm_havvandpaaland,havvandpaaland_0_5,"DHM/Havvand på Land (DHM/Havvand på Land 0,5 m)"
dhm_havvandpaaland,havvandpaaland_0_6,"DHM/Havvand på Land (DHM/Havvand på Land 0,6 m)"
dhm_havvandpaaland,havvandpaaland_0_7,"DHM/Havvand på Land (DHM/Havvand på Land 0,7 m)"
dhm_havvandpaaland,havvandpaaland_0_8,"DHM/Havvand på Land (DHM/Havvand på Land 0,8 m)"
dhm_havvandpaaland,havvandpaaland_0_9,"DHM/Havvand på Land (DHM/Havvand på Land 0,9 m)"
dhm_havvandpaaland,havvandpaaland_1,DHM/Havvand på Land (DHM/Havvand på Land 1 m)
dhm_havvandpaaland,havvandpaaland_1_1,"DHM/Havvand på Land (DHM/Havvand på Land 1,1 m)"
dhm_havvandpaaland,havvandpaaland_1_2,"DHM/Havvand på Land (DHM/Havvand på Land 1,2 m)"
dhm_havvandpaaland,havvandpaaland_1_3,"DHM/Havvand på Land (DHM/Havvand på Land 1,3 m)"
dhm_havvandpaaland,havvandpaaland_1_4,"DHM/Havvand på Land (DHM/Havvand på Land 1,4 m)"
dhm_havvandpaaland,havvandpaaland_1_5,"DHM/Havvand på Land (DHM/Havvand på Land 1,5 m)"
dhm_havvandpaaland,havvandpaaland_1_6,"DHM/Havvand på Land (DHM/Havvand på Land 1,6 m)"
dhm_havvandpaaland,havvandpaaland_1_7,"DHM/Havvand på Land (DHM/Havvand på Land 1,7 m)"
dhm_havvandpaaland,havvandpaaland_1_8,"DHM/Havvand på Land (DHM/Havvand på Land 1,8 m)"
dhm_havvandpaaland,havvandpaaland_1_9,"DHM/Havvand på Land (DHM/Havvand på Land 1,9 m)"
dhm_havvandpaaland,havvandpaaland_2,DHM/Havvand på Land (DHM/Havvand på Land 2 m)
dhm_havvandpaaland,havvandpaaland_2_1,"DHM/Havvand på Land (DHM/Havvand på Land 2,1 m)"
dhm_havvandpaaland,havvandpaaland_2_2,"DHM/Havvand på Land (DHM/Havvand på Land 2,2 m)"
dhm_havvandpaaland,havvandpaaland_2_3,"DHM/Havvand på Land (DHM/Havvand på Land 2,3 m)"
dhm_havvandpaaland,havvandpaaland_2_4,"DHM/Havvand på Land (DHM/Havvand på Land 2,4 m)"
dhm_havvandpaaland,havvandpaaland_2_5,"DHM/Havvand på Land (DHM/Havvand på Land 2,5 m)"
dhm_havvandpaaland,havvandpaaland_2_6,"DHM/Havvand på Land (DHM/Havvand på Land 2,6 m)"
dhm_havvandpaaland,havvandpaaland_2_7,"DHM/Havvand på Land (DHM/Havvand på Land 2,7 m)"
dhm_havvandpaaland,havvandpaaland_2_8,"DHM/Havvand på Land (DHM/Havvand på Land 2,8 m)"
dhm_havvandpaaland,havvandpaaland_2_9,"DHM/Havvand på Land (DHM/Havvand på Land 2,9 m)"
dhm_havvandpaaland,havvandpaaland_3,DHM/Havvand på Land (DHM/Havvand på Land 3 m)
dhm_havvandpaaland,havvandpaaland_3_1,"DHM/Havvand på Land (DHM/Havvand på Land 3,1 m)"
dhm_havvandpaaland,havvandpaaland_3_2,"DHM/Havvand på Land (DHM/Havvand på Land 3,2 m)"
dhm_havvandpaaland,havvandpaaland_3_3,"DHM/Havvand på Land (DHM/Havvand på Land 3,3 m)"
dhm_havvandpaaland,havvandpaaland_3_4,"DHM/Havvand på Land (DHM/Havvand på Land 3,4 m)"
dhm_havvandpaaland,havvandpaaland_3_5,"DHM/Havvand på Land (DHM/Havvand på Land 3,5 m)"
dhm_havvandpaaland,havvandpaaland_3_6,"DHM/Havvand på Land (DHM/Havvand på Land 3,6 m)"
dhm_havvandpaaland,havvandpaaland_3_7,"DHM/Havvand på Land (DHM/Havvand på Land 3,7 m)"
dhm_havvandpaaland,havvandpaaland_3_8,"DHM/Havvand på Land (DHM/Havvand på Land 3,8 m)"
dhm_havvandpaaland,havvandpaaland_3_9,"DHM/Havvand på Land (DHM/Havvand på Land 3,9 m)"
dhm_havvandpaaland,havvandpaaland_4,DHM/Havvand på Land (DHM/Havvand på Land 4 m)
dhm_havvandpaaland,havvandpaaland_4_1,"DHM/Havvand på Land (DHM/Havvand på Land 4,1 m)"
dhm_havvandpaaland,havvandpaaland_4_2,"DHM/Havvand på Land (DHM/Havvand på Land 4,2 m)"
dhm_havvandpaaland,havvandpaaland_4_3,"DHM/Havvand på Land (DHM/Havvand på Land 4,3 m)"
dhm_havvandpaaland,havvandpaaland_4_4,"DHM/Havvand på Land (DHM/Havvand på Land 4,4 m)"
dhm_havvandpaaland,havvandpaaland_4_5,"DHM/Havvand på Land (DHM/Havvand på Land 4,5 m)"
dhm_havvandpaaland,havvandpaaland_4_6,"DHM/Havvand på Land (DHM/Havvand på Land 4,6 m)"
dhm_havvandpaaland,havvandpaaland_4_7,"DHM/Havvand på Land (DHM/Havvand på Land 4,7 m)"
dhm_havvandpaaland,havvandpaaland_4_8,"DHM/Havvand på Land (DHM/Havvand på Land 4,8 m)"
dhm_havvandpaaland,havvandpaaland_4_9,"DHM/Havvand på Land (DHM/Havvand på Land 4,9 m)"
dhm_havvandpaaland,havvandpaaland_5,DHM/Havvand på Land (DHM/Havvand på Land 5 m)
dhm_havvandpaaland,havvandpaaland_5_1,"DHM/Havvand på Land (DHM/Havvand på Land 5,1 m)"
dhm_havvandpaaland,havvandpaaland_5_2,"DHM/Havvand på Land (DHM/Havvand på Land 5,2 m)"
dhm_havvandpaaland,havvandpaaland_5_3,"DHM/Havvand på Land (DHM/Havvand på Land 5,3 m)"
dhm_havvandpaaland,havvandpaaland_5_4,"DHM/Havvand på Land (DHM/Havvand på Land 5,4 m)"
dhm_havvandpaaland,havvandpaaland_5_5,"DHM/Havvand på Land (DHM/Havvand på Land 5,5 m)"
dhm_havvandpaaland,havvandpaaland_5_6,"DHM/Havvand på Land (DHM/Havvand på Land 5,6 m)"
dhm_havvandpaaland,havvandpaaland_5_7,"DHM/Havvand på Land (DHM/Havvand på Land 5,7 m)"
dhm_havvandpaaland,havvandpaaland_5_8,"DHM/Havvand på Land (DHM/Havvand på Land 5,8 m)"
dhm_havvandpaaland,havvandpaaland_5_9,"DHM/Havvand på Land (DHM/Havvand på Land 5,9 m)"
dhm_havvandpaaland,havvandpaaland_6,DHM/Havvand på Land (DHM/Havvand på Land 6 m)
dhm_flow_ekstremregn,default,DHM/Flow ekstremregn (default)
dhm_bluespot_ekstremregn,default,DHM/Bluespot Ekstremregn (default)
dhm_bluespot_ekstremregn,bluespot_ekstremregn_0,DHM/Bluespot Ekstremregn (DHM/Bluespot Ekstremregn 0 m)
dhm_bluespot_ekstremregn,bluespot_ekstremregn_0_015,"DHM/Bluespot Ekstremregn (DHM/Bluespot Ekstremregn 0,015 m)"
dhm_bluespot_ekstremregn,bluespot_ekstremregn_0_030,"DHM/Bluespot Ekstremregn (DHM/Bluespot Ekstremregn 0,030 m)"
dhm_bluespot_ekstremregn,bluespot_ekstremregn_0_045,"DHM/Bluespot Ekstremregn (DHM/Bluespot Ekstremregn 0,045 m)"
dhm_bluespot_ekstremregn,bluespot_ekstremregn_0_060,"DHM/Bluespot Ekstremregn (DHM/Bluespot Ekstremregn 0,060 m)"
dhm_bluespot_ekstremregn,bluespot_ekstremregn_0_075,"DHM/Bluespot Ekstremregn (DHM/Bluespot Ekstremregn 0,075 m)"
dhm_bluespot_ekstremregn,bluespot_ekstremregn_0_090,"DHM/Bluespot Ekstremregn (DHM/Bluespot Ekstremregn 0,090 m)"
dhm_bluespot_ekstremregn,bluespot_ekstremregn_0_105,"DHM/Bluespot Ekstremregn (DHM/Bluespot Ekstremregn 0,105 m)"
dhm_bluespot_ekstremregn,bluespot_ekstremregn_0_120,"DHM/Bluespot Ekstremregn (DHM/Bluespot Ekstremregn 0,120 m)"
dhm_bluespot_ekstremregn,bluespot_ekstremregn_0_135,"DHM/Bluespot Ekstremregn (DHM/Bluespot Ekstremregn 0,135 m)"
dhm_bluespot_ekstremregn,bluespot_ekstremregn_0_150,"DHM/Bluespot Ekstremregn (DHM/Bluespot Ekstremregn 0,150 m)"
dhm_bluespot_ekstremregn,bluespot_ekstremregn_0_150plus,"DHM/Bluespot Ekstremregn (DHM/Bluespot Ekstremregn, over 0,150 m)"
dhm_gummistoevleindeks_havvand_10cm,default,"DHM/Gummistøvleindeks havvand, 10 cm (default)"
dhm_gummistoevleindeks_havvand_20cm,default,"DHM/Gummistøvleindeks havvand, 20 cm (default)"
dhm_gummistoevleindeks_havvand_30cm,default,"DHM/Gummistøvleindeks havvand, 30 cm (default)"
dhm_gummistoevleindeks_havvand_40cm,default,"DHM/Gummistøvleindeks havvand, 40 cm (default)"
dhm_gummistoevleindeks_havvand_50cm,default,"DHM/Gummistøvleindeks havvand, 50 cm (default)"
dhm_gummistoevleindeks_havvand_60cm,default,"DHM/Gummistøvleindeks havvand, 60 cm (default)"
dhm_gummistoevleindeks_havvand_70cm,default,"DHM/Gummistøvleindeks havvand, 70 cm (default)"
dhm_gummistoevleindeks_havvand_80cm,default,"DHM/Gummistøvleindeks havvand, 80 cm (default)"
dhm_gummistoevleindeks_havvand_90cm,default,"DHM/Gummistøvleindeks havvand, 90 cm (default)"
dhm_gummistoevleindeks_havvand_100cm,default,"DHM/Gummistøvleindeks havvand, 100 cm (default)"
dhm_gummistoevleindeks_havvand_110cm,default,"DHM/Gummistøvleindeks havvand, 110 cm (default)"
dhm_gummistoevleindeks_havvand_120cm,default,"DHM/Gummistøvleindeks havvand, 120 cm (default)"
dhm_gummistoevleindeks_havvand_130cm,default,"DHM/Gummistøvleindeks havvand, 130 cm (default)"
dhm_gummistoevleindeks_havvand_140cm,default,"DHM/Gummistøvleindeks havvand, 140 cm (default)"
dhm_gummistoevleindeks_havvand_150cm,default,"DHM/Gummistøvleindeks havvand, 150 cm (default)"
dhm_gummistoevleindeks_havvand_160cm,default,"DHM/Gummistøvleindeks havvand, 160 cm (default)"
dhm_gummistoevleindeks_havvand_170cm,default,"DHM/Gummistøvleindeks havvand, 170 cm (default)"
dhm_gummistoevleindeks_havvand_180cm,default,"DHM/Gummistøvleindeks havvand, 180 cm (default)"
dhm_gummistoevleindeks_havvand_190cm,default,"DHM/Gummistøvleindeks havvand, 190 cm (default)"
dhm_gummistoevleindeks_havvand_200cm,default,"DHM/Gummistøvleindeks havvand, 200 cm (default)"
dhm_gummistoevleindeks_havvand_210cm,default,"DHM/Gummistøvleindeks havvand, 210 cm (default)"
dhm_gummistoevleindeks_havvand_220cm,default,"DHM/Gummistøvleindeks havvand, 220 cm (default)"
dhm_gummistoevleindeks_havvand_230cm,default,"DHM/Gummistøvleindeks havvand, 230 cm (default)"
dhm_gummistoevleindeks_havvand_240cm,default,"DHM/Gummistøvleindeks havvand, 240 cm (default)"
dhm_gummistoevleindeks_havvand_250cm,default,"DHM/Gummistøvleindeks havvand, 250 cm (default)"
dhm_gummistoevleindeks_havvand_260cm,default,"DHM/Gummistøvleindeks havvand, 260 cm (default)"
dhm_gummistoevleindeks_havvand_270cm,default,"DHM/Gummistøvleindeks havvand, 270 cm (default)"
dhm_gummistoevleindeks_havvand_280cm,default,"DHM/Gummistøvleindeks havvand, 280 cm (default)"
dhm_gummistoevleindeks_havvand_290cm,default,"DHM/Gummistøvleindeks havvand, 290 cm (default)"
dhm_gummistoevleindeks_havvand_300cm,default,"DHM/Gummistøvleindeks havvand, 300 cm (default)"
dhm_gummistoevleindeks_havvand_310cm,default,"DHM/Gummistøvleindeks havvand, 310 cm (default)"
dhm_gummistoevleindeks_havvand_320cm,default,"DHM/Gummistøvleindeks havvand, 320 cm (default)"
dhm_gummistoevleindeks_havvand_330cm,default,"DHM/Gummistøvleindeks havvand, 330 cm (default)"
dhm_gummistoevleindeks_havvand_340cm,default,"DHM/Gummistøvleindeks havvand, 340 cm (default)"
dhm_gummistoevleindeks_havvand_350cm,default,"DHM/Gummistøvleindeks havvand, 350 cm (default)"
dhm_gummistoevleindeks_havvand_360cm,default,"DHM/Gummistøvleindeks havvand, 360 cm (default)"
dhm_gummistoevleindeks_havvand_370cm,default,"DHM/Gummistøvleindeks havvand, 370 cm (default)"
dhm_gummistoevleindeks_havvand_380cm,default,"DHM/Gummistøvleindeks havvand, 380 cm (default)"
dhm_gummistoevleindeks_havvand_390cm,default,"DHM/Gummistøvleindeks havvand, 390 cm (default)"
dhm_gummistoevleindeks_havvand_400cm,default,"DHM/Gummistøvleindeks havvand, 400 cm (default)"
dhm_gummistoevleindeks_havvand_410cm,default,"DHM/Gummistøvleindeks havvand, 410 cm (default)"
dhm_gummistoevleindeks_havvand_420cm,default,"DHM/Gummistøvleindeks havvand, 420 cm (default)"
dhm_gummistoevleindeks_havvand_430cm,default,"DHM/Gummistøvleindeks havvand, 430 cm (default)"
dhm_gummistoevleindeks_havvand_440cm,default,"DHM/Gummistøvleindeks havvand, 440 cm (default)"
dhm_gummistoevleindeks_havvand_450cm,default,"DHM/Gummistøvleindeks havvand, 450 cm (default)"
dhm_gummistoevleindeks_havvand_460cm,default,"DHM/Gummistøvleindeks havvand, 460 cm (default)"
dhm_gummistoevleindeks_havvand_470cm,default,"DHM/Gummistøvleindeks havvand, 470 cm (default)"
dhm_gummistoevleindeks_havvand_480cm,default,"DHM/Gummistøvleindeks havvand, 480 cm (default)"
dhm_gummistoevleindeks_havvand_490cm,default,"DHM/Gummistøvleindeks havvand, 490 cm (default)"
dhm_gummistoevleindeks_havvand_500cm,default,"DHM/Gummistøvleindeks havvand, 500 cm (default)"
dhm_gummistoevleindeks_havvand_510cm,default,"DHM/Gummistøvleindeks havvand, 510 cm (default)"
dhm_gummistoevleindeks_havvand_520cm,default,"DHM/Gummistøvleindeks havvand, 520 cm (default)"
dhm_gummistoevleindeks_havvand_530cm,default,"DHM/Gummistøvleindeks havvand, 530 cm (default)"
dhm_gummistoevleindeks_havvand_540cm,default,"DHM/Gummistøvleindeks havvand, 540 cm (default)"
dhm_gummistoevleindeks_havvand_550cm,default,"DHM/Gummistøvleindeks havvand, 550 cm (default)"
dhm_gummistoevleindeks_havvand_560cm,default,"DHM/Gummistøvleindeks havvand, 560 cm (default)"
dhm_gummistoevleindeks_havvand_570cm,default,"DHM/Gummistøvleindeks havvand, 570 cm (default)"
dhm_gummistoevleindeks_havvand_580cm,default,"DHM/Gummistøvleindeks havvand, 580 cm (default)"
dhm_gummistoevleindeks_havvand_590cm,default,"DHM/Gummistøvleindeks havvand, 590 cm (default)"
dhm_gummistoevleindeks_havvand_600cm,default,"DHM/Gummistøvleindeks havvand, 600 cm (default)"
